"mean","median","variance","std","entropy"
0.410701327433628,0.408628318584071,0.000214884940347976,0.0146589542719792,1.00229207153727
0.411629646017699,0.411725663716814,0.000169416991390325,0.013016028249444,1.08101107781495
0.407085840707965,0.407522123893805,0.000458753021170595,0.0214185205177807,0.853586075401503
0.414777433628319,0.415486725663717,0.000195479642654637,0.0139814034579736,0.973172733156438
0.410379646017699,0.412389380530973,0.000201185255268582,0.0141839788236088,1.01329484832535
0.409928318584071,0.409734513274336,0.000171999110865898,0.0131148431506403,1.12704912669118
0.409994247787611,0.410619469026549,0.000173685399511815,0.0131789756624639,1.15687428111983
0.411633185840708,0.411946902654867,0.000195272866844446,0.013974006828553,1.00585424846932
0.411065044247788,0.411504424778761,0.000218095954635817,0.0147680721367353,0.957641539975619
0.409919911504425,0.414601769911504,0.000377234748845486,0.0194225319885304,0.816715442810758
0.407743362831858,0.397787610619469,0.0022645286056673,0.0475870634276512,0.361605055826361
0.410397787610619,0.411061946902655,0.000258236543184268,0.0160697399849614,0.923186611437866
0.413542477876106,0.41283185840708,0.000177954358932509,0.0133399534831464,1.03876713312376
0.412539380530973,0.411946902654867,0.000144249911866601,0.0120104084804223,1.12664866762722
0.410563716814159,0.410619469026549,0.000121943175064798,0.0110427883736309,1.2162021430848
0.41365,0.41283185840708,0.00153927876482481,0.0392336432774833,0.452476306120911
0.397575221238938,0.400442477876106,0.000767515028537818,0.0277040615891933,0.593482660425708
0.416149115044248,0.419469026548673,0.000407057537410541,0.0201756669632144,0.739169061732598
0.412590707964602,0.41283185840708,0.000331617931464239,0.0182103797726527,0.820666260467509
0.413235840707965,0.411504424778761,0.000314777819365297,0.0177419790149041,0.799020998496424
0.40835796460177,0.407964601769912,0.000160798804717475,0.0126806468572181,1.09705062127604
0.409950442477876,0.40929203539823,0.000218113770438933,0.0147686753109049,0.974076462058055
0.411888495575221,0.413274336283186,0.000211067551222614,0.0145281640692351,0.932050155873375
0.413407522123894,0.414159292035398,0.000300443053869125,0.0173332932205373,0.838335728915887
0.408202212389381,0.404424778761062,0.000565915322284458,0.0237889748052424,0.669683865149947
0.413356637168142,0.41283185840708,0.000226343385440417,0.0150447128733126,0.93250996797957
0.406803097345133,0.407300884955752,0.000485343275572542,0.0220305078373727,0.743816983585544
0.411828318584071,0.413716814159292,0.000855672842550437,0.0292518861366312,0.532619573496674
0.410356637168142,0.40929203539823,0.000459379256302273,0.0214331345421586,0.71652598026057
0.412319911504425,0.412389380530973,0.000172803069927159,0.0131454581482411,1.03573257879616
0.408238053097345,0.40929203539823,0.000157176927103311,0.0125370222582283,1.08407419015254
0.410068584070796,0.409734513274336,0.000157892831942288,0.0125655414504226,1.05163852460018
0.409067256637168,0.408185840707965,0.000267849088026079,0.0163660956866957,0.900558380384835
0.411373008849558,0.411946902654867,0.000695323091711024,0.0263689797244987,0.627988791096572
0.413634955752212,0.413716814159292,0.00025793253018858,0.0160602780233899,0.870434978991181
0.408954424778761,0.410176991150442,0.000157146501776269,0.0125358087803009,1.08205202402505
0.412465044247788,0.412389380530973,0.000178250879707337,0.0133510628680767,0.980491597244964
0.409657079646018,0.408407079646018,0.000326641226354399,0.0180732184835573,0.827656252695349
0.409836725663717,0.409734513274336,0.000116685649350502,0.0108021131891173,1.21679153551087
0.409688053097345,0.410176991150442,0.000121781656156901,0.0110354726295207,1.17782873548524
0.411690707964602,0.412389380530973,0.00014329815738677,0.0119707208382273,1.02209988914614
0.409143362831858,0.408407079646018,0.000202518107425305,0.014230885686608,0.935590085096209
0.408246902654867,0.410176991150442,0.000322066713122395,0.0179462172371337,0.862245327071903
0.410953982300885,0.410619469026549,0.000339365221592491,0.0184218680266821,0.859182975302186
0.410475221238938,0.406194690265487,0.00317432314529268,0.0563411319134847,0.282972971618853
0.416419911504425,0.412389380530973,0.000348092065556041,0.0186572255589099,0.759756018254039
0.407762831858407,0.407964601769912,0.000114324141668491,0.0106922468017013,1.18000300466032
0.412574336283186,0.409734513274336,0.000863259154682915,0.0293812721760463,0.59752976995072
0.408950442477876,0.408849557522124,0.000152424727962358,0.0123460409833419,1.09491521864127
0.410170353982301,0.410619469026549,0.000465763510985337,0.0215815548787694,0.696829150569384
0.409020796460177,0.408628318584071,0.000192749964899507,0.0138834421128014,0.945601479919734
0.420897787610619,0.414601769911504,0.00162973619696131,0.0403699912925593,0.406150839731307
0.402145132743363,0.400884955752212,0.000546399813549943,0.0233751965456965,0.740112855991593
0.410539380530973,0.404867256637168,0.000463495102707061,0.0215289364044549,0.738289223154781
0.414416814159292,0.413716814159292,0.000244400026151925,0.0156332986331076,0.887596196699628
0.406753539823009,0.407522123893805,0.000368425405395998,0.0191944107853301,0.748431063751517
0.414702212389381,0.415044247787611,0.00019182732560268,0.0138501742083874,0.941331193947944
0.409285398230088,0.408185840707965,0.000182539571249533,0.0135107206043768,0.958640315256909
0.407930530973451,0.406637168141593,0.000160303045429328,0.0126610838963071,1.13552059692439
0.411465044247788,0.410176991150442,0.000271001888998404,0.0164621350072949,0.935326633481566
0.410080973451327,0.410619469026549,0.000217055474889095,0.0147328026827585,0.982523941958864
0.410244690265487,0.41283185840708,0.000478913323026214,0.0218840883526414,0.77382391138182
0.411430088495575,0.411504424778761,0.000226160018582291,0.0150386175755051,0.945979850636731
0.41297610619469,0.41283185840708,0.000120077341810445,0.0109579807359954,1.17656994930998
0.41076814159292,0.411504424778761,0.000226401337511056,0.0150466387446186,0.937145599141674
0.405961061946903,0.404424778761062,0.000154360487827478,0.0124241896245783,1.06911591167609
0.409040707964602,0.410176991150442,0.00051021367047994,0.0225879098298169,0.656331345257636
0.413448672566372,0.412389380530973,0.000283342462989264,0.0168327794196105,0.888019904005003
0.414430973451327,0.413716814159292,0.000672005901272876,0.0259230766166533,0.664034108344683
0.410909734513274,0.408849557522124,0.00257684257677679,0.0507626100272316,0.319180663215603
0.409565044247788,0.408849557522124,0.000171280276870182,0.0130874090969214,1.11432245712122
0.411008849557522,0.411061946902655,0.000133855681980046,0.0115696016344577,1.11300412168421
0.410688495575221,0.411946902654867,0.000278207893852032,0.0166795651577621,0.876768828624464
0.406977433628319,0.407522123893805,0.000307020474738973,0.0175219997357314,0.877390301001712
0.416098230088496,0.406194690265487,0.00236685273181397,0.0486503107062428,0.302604552077308
0.409642920353982,0.415486725663717,0.00649221979262527,0.080574312237991,0.216227373727247
0.406794247787611,0.402212389380531,0.000827791722923487,0.0287713698478798,0.673023481511116
0.406046902654867,0.411504424778761,0.000939226571704448,0.0306468036131739,0.520634372643887
0.423623451327434,0.417699115044248,0.00230308656197117,0.0479904840772748,0.347043173109691
0.408844247787611,0.403097345132743,0.00209785160209156,0.0458023100082469,0.404026091640361
0.406159292035398,0.410619469026549,0.000917800798684188,0.0302952273251776,0.614795864514152
0.410284955752212,0.409513274336283,0.000285559751936132,0.0168985133054992,0.96670797890688
0.411624336283186,0.408407079646018,0.00530910297073642,0.0728635915305883,0.236144532186377
0.401215044247788,0.407079646017699,0.00101561258258807,0.0318686771389725,0.563993047209842
0.417819911504425,0.413716814159292,0.000946916544353892,0.03077200910493,0.675044997792903
0.410684955752212,0.411061946902655,0.000422820050844172,0.0205625886221597,0.717869576854976
0.404143805309735,0.404424778761062,0.00422518214333842,0.0650014010875029,0.239821371660792
0.411809734513274,0.402654867256637,0.002464385032695,0.0496425727848084,0.306813196678331
0.419450884955752,0.420353982300885,0.000755548664609476,0.0274872454896717,0.593391132966483
0.411487168141593,0.411283185840708,0.000958195935578463,0.030954740114859,0.538421607269654
0.409624336283186,0.40353982300885,0.00102694890814536,0.0320460435646175,0.505895872601277
0.40306592920354,0.411283185840708,0.002001065196883,0.0447332672279032,0.341446684724052
0.421137168141593,0.412389380530973,0.00238847922634828,0.0488720700026946,0.316696884628683
0.406591150442478,0.39070796460177,0.00419661402807773,0.0647812783763776,0.219976682538028
0.406274336283186,0.395132743362832,0.0015463399024367,0.0393235286112106,0.452750645837372
0.41874203539823,0.412389380530973,0.000836419776147045,0.0289209228093961,0.536293120211237
0.403890265486726,0.402433628318584,0.00052407030258389,0.0228925818243354,0.651990563437947
0.419979646017699,0.40287610619469,0.00276447139519502,0.0525782407008358,0.273977307310301
0.394413274336283,0.399115044247788,0.00309061472075882,0.0555932974445555,0.280686843259401
0.419024336283186,0.416150442477876,0.000636222598783293,0.0252234533476939,0.6303282030942
0.41237610619469,0.410398230088496,0.000346198085468976,0.0186063990462684,0.829749350794059
0.410986725663717,0.408849557522124,0.000607774957195429,0.0246530922440863,0.675587573284723
0.41099203539823,0.411061946902655,0.000171944408187654,0.0131127574593467,1.07916175081013
0.409509292035398,0.407522123893805,0.0005437436651547,0.0233183117989854,0.701045698419109
0.412840707964602,0.405752212389381,0.000978177958677606,0.0312758366583151,0.495233093311891
0.405867699115044,0.406194690265487,0.000311240616252559,0.0176420128174922,0.915626084277297
0.412265044247788,0.413716814159292,0.000697644162880086,0.0264129544519368,0.62611925236545
0.408401769911504,0.407964601769912,0.000290676347896177,0.017049233058885,0.911860753144979
0.423174336283186,0.417256637168142,0.00104779933116608,0.0323697286236088,0.461299583214807
0.402465486725664,0.402212389380531,0.000313479901704508,0.0177053636422556,0.76660437057811
0.40741814159292,0.405309734513274,0.000339492867250522,0.0184253322154723,0.812005589421746
0.409620353982301,0.406637168141593,0.000539059193111194,0.0232176483113858,0.660917214736928
0.412974778761062,0.419469026548673,0.00153442711075866,0.0391717642027859,0.412802572687851
0.418798672566372,0.407522123893805,0.00213116001407469,0.0461644886690483,0.366892650432241
0.405152654867257,0.4,0.00226126254984721,0.0475527344097814,0.38164399415303
0.402128318584071,0.407079646017699,0.000895752808960578,0.029929129772858,0.540770408913169
0.415412389380531,0.420353982300885,0.000695672133877162,0.0263755973179218,0.622897026644124
0.410807522123894,0.410176991150442,0.000753648231793545,0.0274526543669924,0.61606325319242
0.416943362831858,0.411946902654867,0.00232692923481865,0.0482382548898554,0.380915752937506
0.404969026548673,0.408407079646018,0.000485477469794957,0.0220335532721111,0.741901159933702
0.419420796460177,0.408849557522124,0.00247639391270823,0.0497633792332095,0.275707194033691
0.406762389380531,0.413274336283186,0.00256325965541859,0.0506286446136828,0.292141850136624
0.406292477876106,0.405752212389381,0.000181481144195335,0.0134714937625838,0.970407852968274
0.410329646017699,0.410619469026549,0.000121039665830761,0.0110018028445688,1.22226888345142
0.413309292035398,0.413274336283186,0.000195294511168699,0.0139747812565599,1.00869582188035
0.403470353982301,0.40353982300885,0.00045688031813629,0.0213747589024131,0.739627593624728
0.414233628318584,0.400884955752212,0.00334286745356054,0.0578175358655187,0.225934071039794
0.412555752212389,0.415486725663717,0.000249657720999251,0.0158005607811638,0.864193875679829
0.411211504424779,0.400442477876106,0.0016672161542073,0.0408315583122577,0.355805377209683
0.41081017699115,0.411504424778761,0.000383417962366784,0.0195810613187024,0.850955167356239
0.408527433628319,0.406637168141593,0.000371360085906252,0.0192707053816474,0.82567612961206
0.412588938053097,0.413274336283186,0.000158981049927678,0.0126087687712829,1.08446672245435
0.40896814159292,0.410176991150442,0.000168740315223203,0.0129900082841853,1.08751068801218
0.412118584070796,0.412389380530973,0.000580833683554335,0.0241004913550395,0.698969370788975
0.410303982300885,0.410176991150442,0.000265702430247618,0.0163003812914796,0.874604428883866
0.410023008849558,0.410619469026549,0.000159668811265647,0.0126360124748928,1.07143080480714
0.413069026548673,0.41283185840708,0.000138477169314353,0.0117676322730766,1.1002702215308
0.41105,0.410176991150442,0.000213998608013605,0.0146286912611349,0.964643928458314
0.402646902654867,0.409734513274336,0.000997475209566211,0.0315828309302097,0.482697088329522
0.416667699115044,0.411061946902655,0.000993354039880589,0.0315175195705593,0.495471409579345
0.411557522123894,0.408849557522124,0.00034508500198844,0.0185764636566931,0.803243492422385
0.410330973451327,0.409734513274336,0.0009545262421165,0.0308954081072981,0.524538600478166
0.410586725663717,0.403982300884956,0.00106275994139648,0.032599999101173,0.492844658242863
0.410486283185841,0.405752212389381,0.000709382810447694,0.0266342413154138,0.574504784446251
0.411675663716814,0.412389380530973,0.000380214036379554,0.0194990778340811,0.804065751056683
0.409154424778761,0.402654867256637,0.000982243947879276,0.031340771335104,0.507312104148445
0.405556194690265,0.408849557522124,0.000490699163216784,0.022151730479057,0.678809813211202
0.417554424778761,0.413716814159292,0.000433125597796089,0.0208116697503129,0.725578129559267
0.410903982300885,0.410619469026549,0.000176482683443095,0.0132846785223842,0.955265300777459
0.410252212389381,0.410619469026549,0.000183253403767931,0.0135371120911342,0.948761438365139
0.406903539823009,0.407522123893805,0.000172463871969706,0.0131325500939348,1.07251247385716
0.412594690265487,0.412389380530973,9.93911728315362e-05,0.00996951216617625,1.20293599003306
0.409675663716814,0.410176991150442,0.000131955377532752,0.0114871831853049,1.08602093470153
0.410450884955752,0.408407079646018,0.000395555677652749,0.0198885815897652,0.773128339755045
0.412026991150443,0.415044247787611,0.000476737258638543,0.0218343137890464,0.707420631286755
0.405703539823009,0.405309734513274,0.000342585889985843,0.0185090758814654,0.784657368760163
0.428287168141593,0.421681415929204,0.00116070020192485,0.0340690504993146,0.437201647597436
0.407572123893805,0.394469026548673,0.00522075725796279,0.0722548078536148,0.202047751275757
0.399391592920354,0.397345132743363,0.000260039265320611,0.0161257330165364,0.871449081519313
0.414587168141593,0.413274336283186,0.000254191835934925,0.0159433947431193,0.837080036888544
0.408775221238938,0.406858407079646,0.000503853327836412,0.0224466774342309,0.731895141051237
0.413264159292035,0.41283185840708,0.000245554206214986,0.0156701693103484,0.883506288546867
0.408073451327434,0.409734513274336,0.000210139163362595,0.0144961775431524,0.911368641028911
0.411229203539823,0.410619469026549,0.000246052912494294,0.015686073839374,0.884057327382751
0.411503982300885,0.410619469026549,0.00021679777494622,0.0147240542971771,0.976942376923354
0.40873185840708,0.408849557522124,0.000158694061749117,0.0125973831309966,1.09550233134934
0.411782300884956,0.411504424778761,0.00015152979277343,0.0123097438142891,1.14245241666907
0.402073451327434,0.40929203539823,0.00068108076045346,0.0260975240291768,0.597964895174425
0.422282300884956,0.421238938053097,0.000381084709895893,0.0195213910850608,0.81082782982549
0.406146460176991,0.405309734513274,0.000351740870598847,0.0187547559461286,0.791207018733329
0.41165796460177,0.410619469026549,0.000321309756580921,0.0179251152459593,0.823907870752461
0.410338938053097,0.411283185840708,0.000313487197746733,0.0177055696815079,0.82584585698089
0.40990796460177,0.409955752212389,0.0001843582042376,0.0135778571298125,0.959134556541152
0.410624336283186,0.410619469026549,0.000236561818102855,0.0153805662477964,0.979899586942628
0.407733628318584,0.408407079646018,0.000172744895416209,0.0131432452391412,1.07507206206304
0.41194203539823,0.414601769911504,0.000430465487611505,0.0207476622203926,0.725556560606782
0.413619911504425,0.415486725663717,0.000251992739665815,0.0158742791857084,0.880828890942363
0.409783628318584,0.414601769911504,0.000613127160953733,0.0247614046643912,0.632049320750512
0.411365044247788,0.410619469026549,0.000174598942077797,0.0132135892957893,1.06054466832479
0.408745575221239,0.409513274336283,0.000170879583279732,0.0130720917713934,1.08303937209046
0.410431415929204,0.412389380530973,0.000552358760005208,0.0235023139287435,0.657805866669799
0.406994690265487,0.410619469026549,0.000739156639606166,0.0271874353260135,0.583974843342906
0.415221681415929,0.415486725663717,0.000265801512805781,0.0163034202793702,0.889648210640374
0.409404424778761,0.409955752212389,0.000248215457214596,0.0157548550362926,0.877315876235638
0.415405752212389,0.412610619469027,0.000909805080944364,0.0301629753330862,0.560175958148983
0.40815796460177,0.408407079646018,0.000285957119896935,0.0169102667009404,0.899228708203174
0.410898230088496,0.402212389380531,0.0015701262191003,0.0396248182216688,0.381295989602163
0.407195575221239,0.405752212389381,0.000310050311098945,0.0176082455428968,0.856956952681796
0.411882743362832,0.411504424778761,0.000262065255599401,0.0161884296829372,0.877696441218381
0.414274336283186,0.413716814159292,0.000411333567101442,0.0202813600900295,0.830653873825863
0.407241150442478,0.407522123893805,0.000464122940192914,0.0215435127171247,0.790944093881313
0.411759734513274,0.411061946902655,0.000187352375282323,0.0136876723836569,0.993642998534003
0.402402654867257,0.406194690265487,0.0011890163912836,0.0344821169779873,0.452388601373085
0.413503097345133,0.406637168141593,0.00297765259013419,0.0545678714092293,0.319254205312534
0.412380973451327,0.411061946902655,0.000583350724638022,0.0241526546085109,0.668857280645871
0.410782300884956,0.397345132743363,0.00441510987375503,0.0664462931528541,0.231863029183096
0.416283628318584,0.414159292035398,0.000233700181307472,0.0152872555191399,0.965054290163212
0.410993805309735,0.408407079646018,0.000946062807266504,0.0307581340016995,0.562746574646615
0.404845575221239,0.402654867256637,0.000497351568617721,0.0223013804195552,0.699787715940266
0.408545575221239,0.408849557522124,0.000365059050553412,0.0191065185356572,0.809778101438875
0.413244690265487,0.40929203539823,0.00108364972988495,0.0329188354879839,0.524325965551474
0.415453097345133,0.40929203539823,0.001259401821745,0.035488051816703,0.479849830239348
0.412920353982301,0.408849557522124,0.00129457360877206,0.0359801835566754,0.448996772382948
0.410402654867257,0.409734513274336,0.000191644361880872,0.0138435675272262,0.979706686291648
0.398993362831858,0.394690265486726,0.00245437060817572,0.04954160482035,0.321893492082808
0.414041592920354,0.410619469026549,0.00164670882096757,0.0405796601879263,0.383718353783184
0.41468185840708,0.41283185840708,0.000464830920473296,0.0215599378587531,0.735490587845511
0.416413274336283,0.417920353982301,0.00071517542368118,0.0267427639499207,0.59173257754313
0.411942477876106,0.41283185840708,0.000309351935536445,0.0175884034390972,0.874633997825788
0.40443185840708,0.404424778761062,0.000226272898319261,0.0150423701031207,0.987302871511765
0.407520353982301,0.410619469026549,0.000478022462904599,0.0218637248177112,0.725495694765076
0.411764601769912,0.409734513274336,0.000400287956528853,0.0200071976180787,0.744781921547632
0.41183407079646,0.413495575221239,0.000217857448450095,0.0147599948661947,0.960354419882521
0.410845575221239,0.412389380530973,0.000661675827091874,0.0257230602201969,0.626874941686581
0.410576991150442,0.410840707964602,0.000249938007550976,0.015809427805932,0.858611425447693
0.410075663716814,0.410619469026549,0.00028364227627267,0.0168416827031229,0.856622005912408
0.407255752212389,0.407522123893805,0.000368257206223374,0.0191900288228907,0.808352856658548
0.415723451327434,0.416814159292035,0.000306214032773474,0.0174989723347822,0.913618217504788
0.409851327433628,0.410176991150442,0.000314811307509248,0.0177429227442732,0.812566046546807
0.411206194690265,0.411946902654867,0.00013680838093948,0.0116965114858867,1.0770678891723
0.409303982300885,0.409734513274336,0.000267509319759104,0.0163557121446638,0.900450518105237
0.41147610619469,0.411946902654867,0.00212254268208219,0.0460710612215759,0.35107444225997
0.408188495575221,0.413274336283186,0.00099286144238059,0.031509703939907,0.487656160669953
0.415179203539823,0.421017699115044,0.00103013028985599,0.0320956428484614,0.503129053786881
0.40962389380531,0.410176991150442,0.000240855527780894,0.0155195208618338,0.861137693333665
0.408158407079646,0.407964601769912,0.000318020690437481,0.0178331346217506,0.812597726614362
0.413182743362832,0.414601769911504,0.000244741991384446,0.015644231888605,0.860741158596118
0.41031592920354,0.412389380530973,0.000193870235651894,0.013923729229337,0.956969941018251
0.408410619469027,0.409513274336283,0.000233855896777034,0.0152923476542038,0.96741973531824
0.411818584070796,0.411946902654867,0.000138485634981054,0.0117679919689407,1.0785642679607
0.410464159292035,0.407964601769912,0.000370583952070169,0.0192505571885639,0.782046888493737
0.410730973451327,0.410619469026549,0.000173704226585423,0.0131796899275143,1.10040034698835
0.412507522123894,0.413938053097345,0.00234848869368233,0.048461208132715,0.313378121337223
0.409559734513274,0.411946902654867,0.00110760752431498,0.0332807380374141,0.47943201385899
0.405524778761062,0.408849557522124,0.000706197583753383,0.0265743783323972,0.587287634573807
0.413909292035398,0.413716814159292,0.000213258872271912,0.014603385644155,0.941374979576075
0.406753097345133,0.408185840707965,0.000276074366323407,0.016615485738413,0.876243978471243
0.415574336283186,0.407964601769912,0.001421331425403,0.0377005494045247,0.387488628278867
0.410351327433628,0.410619469026549,0.000207385465973452,0.0144008842080427,1.00588311189499
0.4101,0.410176991150442,0.000162189702428562,0.0127353720961958,1.10260911094965
0.407804867256637,0.407964601769912,0.000321419524113353,0.017928176820674,0.808990587582682
0.414623008849558,0.414601769911504,0.00034560986234884,0.0185905853148533,0.798025545606868
0.411406637168142,0.41283185840708,0.000157143626318777,0.0125356940900286,1.05264783770511
0.410809292035398,0.410619469026549,0.000338485356489703,0.0183979715319299,0.802669991749992
0.409954424778761,0.410619469026549,0.000206523382768782,0.0143709214307497,0.975061792067105
0.408886725663717,0.406858407079646,0.000323512278822796,0.0179864470872598,0.869412914458504
0.409996460176991,0.408407079646018,0.000283779655605171,0.0168457607606534,0.896064750756849
0.411351769911504,0.409734513274336,0.000568395942147802,0.0238410558102573,0.697861492811505
0.409769026548673,0.411061946902655,0.00028618130151453,0.0169168939677037,0.824149290812781
0.411482743362832,0.410619469026549,0.00028739574389175,0.0169527503341419,0.846842808986306
0.409688938053097,0.410176991150442,0.00014128083581271,0.0118861615256024,1.053323036951
0.412193362831858,0.410619469026549,0.000243951122984524,0.0156189347583158,0.880576977611662
0.410033628318584,0.411061946902655,0.000262067029046432,0.0161884844579853,0.916102233864128
0.410778761061947,0.410619469026549,0.000123715696274236,0.0111227557859658,1.08458016340247
0.410351769911504,0.413274336283186,0.000307659248056891,0.0175402180162303,0.844951607019793
0.411925663716814,0.41283185840708,0.000290802921333112,0.0170529446528484,0.864140874840104
0.408879646017699,0.407964601769912,0.000241581815192905,0.0155429024056932,0.875882754413695
0.411897345132743,0.411061946902655,0.000280175126963442,0.0167384326316248,0.918241996002868
0.405567256637168,0.410176991150442,0.000641011297929616,0.0253182009220564,0.621715880725403
0.416369911504425,0.413716814159292,0.000776672197297148,0.0278688391810127,0.557312070155843
0.410425663716814,0.410840707964602,0.00103178441892437,0.032121401260287,0.500505577883837
0.409726548672566,0.410619469026549,0.00026759465158635,0.0163583205613031,0.882692339878995
0.408144690265487,0.409734513274336,0.000258920395648213,0.0160910035624946,0.841132005342085
0.413788938053097,0.413274336283186,0.000326400178665626,0.0180665486096716,0.820620407197778
0.410196902654867,0.412389380530973,0.000722737573308291,0.0268837789997666,0.963656757236667
0.411547787610619,0.411504424778761,0.000406654676447926,0.0201656806591775,1.05886983688532
0.410130088495575,0.410619469026549,0.000124243744880443,0.0111464678208141,1.23462654174583
0.407392920353982,0.407522123893805,0.000337439941311819,0.018369538407696,1.03321214445242
0.411941592920354,0.411504424778761,0.000992076314704555,0.0314972429698943,1.25662218082947
0.410170796460177,0.412389380530973,0.000532524027669301,0.0230764821337504,1.14535743938128
0.407486283185841,0.406637168141593,0.000195424580936171,0.013979434213736,1.01115267402035
0.41422610619469,0.415929203539823,0.000285509528441434,0.0168970272072171,0.878934116396874
0.410545575221239,0.408849557522124,0.000246079173189949,0.015686910887423,0.883501301599187
0.410932300884956,0.409070796460177,0.000361993121440024,0.0190261168250388,0.781649413334342
0.412217256637168,0.413716814159292,0.000233603028786481,0.0152840776230194,0.94747257642676
0.409849557522124,0.411061946902655,0.000213572567006665,0.0146141221770815,0.99034979839785
0.41148982300885,0.410619469026549,0.000264803904656477,0.0162727964608569,0.873680103441659
0.408996902654867,0.407964601769912,0.000232736086191917,0.0152556902889354,0.959118991961867
0.410523008849558,0.410176991150442,0.000225507533534004,0.0150169082548307,0.961473126317944
0.410214159292035,0.410619469026549,0.000278954054689038,0.0167019176949546,0.8447148991944
0.41166814159292,0.411504424778761,0.000158209172442863,0.0125781227710205,1.05388267795887
0.410548672566372,0.410176991150442,0.000219961993475973,0.0148311157191889,0.943151151417312
0.409935840707965,0.409734513274336,0.000183210459068984,0.0135355258142779,0.950905875938639
0.410325663716814,0.410619469026549,0.000257482226529137,0.0160462527254539,0.887918097911331
0.41138982300885,0.412389380530973,0.000169655895812799,0.0130252023328929,1.04553341942096
0.410332743362832,0.411061946902655,0.000318317788381223,0.0178414626188893,0.870603583775229
0.410607079646018,0.410619469026549,0.000282016532939863,0.0167933478776527,0.876587329153725
0.411158407079646,0.410619469026549,0.000212517411294919,0.0145779769273696,0.962427406879661
0.409367256637168,0.410619469026549,0.000264411388442244,0.0162607314854604,0.875691672553801
0.410641150442478,0.411504424778761,0.000136043828110356,0.0116637827530504,1.07335220504097
0.411119911504425,0.411061946902655,0.000266314132873574,0.0163191339498631,0.8463867890269
0.412972566371681,0.411061946902655,0.000502545947153199,0.0224175365986809,0.741594178612186
0.408610619469027,0.410619469026549,0.000493356619208291,0.0222116325201074,0.682599670370108
0.411728761061947,0.414601769911504,0.000911485130482507,0.0301908120209197,0.564027292030601
0.409322123893805,0.412389380530973,0.000898692054102815,0.0299781929759419,0.563283687393215
0.40554203539823,0.406637168141593,0.000430800715156381,0.0207557393305173,0.731551944260174
0.416703982300885,0.417035398230088,0.000357033554621267,0.0188953315562672,0.804496505245218
0.409763274336283,0.411504424778761,0.000402753911990148,0.0200687297054434,0.765551718972255
0.409471681415929,0.413274336283186,0.00105536760113548,0.0324864217964287,0.488767216953333
0.415719469026549,0.411946902654867,0.000332837599914896,0.0182438373133203,0.951984077481622
0.40508185840708,0.402654867256637,0.000665441417413968,0.025796151213194,0.756389513312967
0.413205309734513,0.414159292035398,0.000426502088273566,0.0206519269869319,0.770745721684992
0.410637168141593,0.410619469026549,0.000208273588021415,0.0144316869430228,0.973633679796909
0.410846460176991,0.410619469026549,0.000154678884186089,0.012436996590258,1.08824706674942
0.408423451327434,0.407522123893805,0.000262434811465863,0.016199839859266,0.882056963704866
0.410668584070796,0.411061946902655,0.000350972924330078,0.0187342713850867,0.811940297777578
0.410206194690265,0.409734513274336,0.000488520795053022,0.022102506533265,0.740830392327526
0.411272566371681,0.411504424778761,0.000284472236352571,0.0168663047628273,0.863236043579937
0.411123451327434,0.410619469026549,0.000282108343561668,0.0167960811965669,0.827373343656033
0.409155752212389,0.409734513274336,0.000218388397011625,0.0147779699895359,0.923781608257249
0.411535840707965,0.410619469026549,0.00027275179459356,0.0165151988965789,0.841328415827228
0.409992920353982,0.410176991150442,0.000785589596174607,0.0280283712722414,0.701539952656247
0.410815044247788,0.413274336283186,0.000529731829879845,0.0230159038466849,0.720189259852874
0.411070796460177,0.411946902654867,0.000238666421139598,0.015448832355217,0.969909684306314
0.41109203539823,0.410176991150442,0.000225521428704137,0.015017370898534,0.958886589894529
0.410904424778761,0.41283185840708,0.000343400661214116,0.0185310728565325,0.812071531769888
0.404642920353982,0.406194690265487,0.000302427486418206,0.0173904423870759,0.870930824904138
0.412999557522124,0.41283185840708,0.000640778486803822,0.0253136028017314,0.71683052140159
0.415641592920354,0.413938053097345,0.000628500985126406,0.0250699219210273,0.63037008473975
0.409843362831858,0.408407079646018,0.000349387582429324,0.0186919122197095,0.759475198971418
0.40918407079646,0.40929203539823,0.000457681517369825,0.0213934924070341,0.735223024453428
0.411460619469027,0.412389380530973,0.000318962395514788,0.0178595183449831,0.789678210607303
0.40921017699115,0.409734513274336,0.000253174463326981,0.0159114569831609,0.90345376597364
0.411001769911504,0.410619469026549,0.000403902513210995,0.0200973260214138,0.76342837594108
0.414199115044248,0.415486725663717,0.000283833034224608,0.0168473450200501,0.886864840507726
0.40824203539823,0.408849557522124,0.000185968306586797,0.0136370197105818,0.996238003483339
0.410517256637168,0.410619469026549,0.000257289876414123,0.0160402579908841,0.932710946754844
0.410485398230089,0.410619469026549,0.000340888149289551,0.0184631565364526,0.80802803509836
0.409230530973451,0.408849557522124,0.000196464707914117,0.014016586885334,0.970560479877761
0.411404867256637,0.411946902654867,0.000277316312122287,0.0166528169425562,0.907488293196571
0.410711504424779,0.412389380530973,0.000382029914635444,0.01954558555366,0.798616176759221
0.40921592920354,0.40929203539823,0.000723628400896785,0.0269003420219295,0.65246872259691
0.413796902654867,0.413274336283186,0.000539859743642146,0.0232348820449372,0.71976763640703
0.407461504424779,0.40929203539823,0.000456582009019749,0.0213677796932613,0.808217589603399
0.410661061946903,0.410619469026549,0.000533745658102303,0.0231029361359612,0.740695360966381
0.410349115044248,0.410619469026549,0.000470880403271154,0.0216997788760889,0.780749355195751
0.41086814159292,0.411946902654867,0.000778595212802277,0.0279033190284288,0.65730070242326
0.413533185840708,0.41283185840708,0.000437628633214623,0.0209195753593285,0.858139094346021
0.415149115044248,0.405752212389381,0.00150591754551168,0.038806153449056,0.665518625412698
0.40214203539823,0.406637168141593,0.000611348234247248,0.024725457210075,0.759351846055495
0.437519026548673,0.433849557522124,0.00252909306655704,0.05029008914843,0.454328054707621
0.376005309734513,0.384955752212389,0.00215640419493814,0.046437099338117,0.459626346157842
0.411986283185841,0.412610619469027,0.00129329640530185,0.0359624304698924,0.64274252795408
0.416588938053097,0.415929203539823,0.000261902187056663,0.0161833923222748,0.88865048588332
0.411430973451327,0.411946902654867,0.00021504754108012,0.0146644993463848,0.988139620796508
0.411609292035398,0.410619469026549,0.000197820349717718,0.0140648622360021,0.94801150895494
0.411912389380531,0.411504424778761,0.000235422970154742,0.0153434992799799,0.920433129472115
0.409768584070796,0.410619469026549,0.000222735279527315,0.0149243183940612,0.920599516391448
0.410913716814159,0.411946902654867,0.000259442772516427,0.0161072273379507,0.830923606357207
0.409976548672566,0.409734513274336,0.000255635420642665,0.0159886028358536,0.889656465931557
0.409924778761062,0.41283185840708,0.000591565623890003,0.0243221221091007,0.646261773052323
0.411930530973451,0.410619469026549,0.000394500858247236,0.0198620456712605,0.884560859510101
0.408340707964602,0.408407079646018,0.000772266020425626,0.0277896747088847,0.645767540889949
0.415580973451327,0.416814159292035,0.000200696355961255,0.0141667341318052,0.919078039369465
0.405908407079646,0.406194690265487,0.000456625940491357,0.0213688076525424,0.75423089046613
0.413916371681416,0.41283185840708,0.000656209816010701,0.0256165925917305,0.705797801595421
0.407637610619469,0.410176991150442,0.00041084252844747,0.0202692508112034,0.740681362081535
0.410933628318584,0.413716814159292,0.000606309163733394,0.0246233459085762,0.710350018254455
0.409832743362832,0.40929203539823,0.00174409720159505,0.0417623897974607,0.593562966354126
0.412208849557522,0.41283185840708,0.000694495406989729,0.0263532807633078,0.629733743596824
0.408448230088496,0.410176991150442,0.000847922938797518,0.0291191163807818,0.698998800404195
0.411493362831858,0.411946902654867,0.000483864390469254,0.0219969177492951,0.731827477960737
0.409912389380531,0.410619469026549,0.000651839559035894,0.025531148799768,0.705361812744163
0.411368584070796,0.41283185840708,0.000701858713400533,0.0264926162052851,0.740395363454953
0.413034955752212,0.411946902654867,0.000519812693694556,0.0227994011696482,0.74445632827127
0.409023451327434,0.40929203539823,0.000535407862831898,0.0231388820566573,0.735798156588534
0.411400884955752,0.411061946902655,0.000355347367886329,0.0188506596140912,0.777283661575737
0.410404424778761,0.410619469026549,0.00028438098290945,0.0168635993462087,0.855854435195827
0.410006194690266,0.410619469026549,0.000692420630357039,0.0263138866448314,0.733545551713265
0.411012389380531,0.411946902654867,0.000647255732512213,0.0254412211285585,0.678567815242106
0.412430088495575,0.41283185840708,0.000613040312612714,0.0247596508984419,0.642652213453105
0.408879203539823,0.407522123893805,0.00339616978380997,0.0582766658604451,0.432518946687392
0.411267256637168,0.412389380530973,0.0013503966618353,0.0367477436291713,0.482381840942399
0.409854424778761,0.409734513274336,0.000330465079967586,0.0181786985223801,0.759353944281415
0.40686017699115,0.409070796460177,0.00045497333499213,0.0213301039611187,0.7514561813269
0.415011504424779,0.415044247787611,0.00032508750507889,0.0180301831682013,0.83563073506993
0.408509734513274,0.408849557522124,0.000470610044612707,0.0216935484559974,0.764553306746394
0.40856592920354,0.411061946902655,0.000697393712727529,0.0264082129786839,0.733937403610549
0.416232300884956,0.415486725663717,0.000781383971292147,0.0279532461673443,0.627251361762823
0.411475221238938,0.414159292035398,0.00070500166624452,0.0265518674718845,0.621573000752656
0.406177876106195,0.407964601769912,0.000740136047238404,0.0272054415005235,0.66981195375056
0.411656637168142,0.41216814159292,0.000748942548939416,0.0273668147386468,0.73485842654884
0.410646902654867,0.412389380530973,0.000467863147821641,0.0216301444244286,0.79449893492627
0.411606637168142,0.411504424778761,0.000505878977693333,0.0224917535486527,0.73338251880754
0.408593362831858,0.410176991150442,0.000526268252550459,0.0229405373204391,0.714809554618216
0.411302212389381,0.413716814159292,0.000842645870672928,0.029028363210366,0.579716344287173
0.408354867256637,0.410176991150442,0.000700184889251378,0.0264610069583789,0.711459570618877
0.409347345132743,0.411946902654867,0.00118301467239814,0.0343949803372257,0.627077252979714
0.413973008849558,0.417699115044248,0.0018571127629705,0.0430942312029175,0.436161459020846
0.410531415929204,0.41570796460177,0.00156135291823267,0.0395139585239528,0.560855733166409
0.410147345132743,0.411504424778761,0.000568864445736362,0.0238508793493314,0.741705370665364
0.410709292035398,0.408407079646018,0.000654096768669366,0.0255753156123119,0.690764467863073
0.409841592920354,0.413716814159292,0.000463074366558586,0.0215191627755028,0.70135561184984
0.411854867256637,0.409734513274336,0.000479093067536955,0.0218881947071236,0.77304355745918
0.410172566371681,0.40929203539823,0.000546819021229703,0.0233841617602535,0.767584596236905
0.41221017699115,0.412389380530973,0.000395363053358002,0.0198837384150467,0.840286227577903
0.408009292035398,0.40929203539823,0.00054793904230019,0.0234080977932892,0.752273651621925
0.411235398230088,0.411946902654867,0.000557322601009656,0.0236076809748365,0.737621902712269
0.409656637168142,0.409734513274336,0.000463505839616733,0.0215291857629761,0.813443786681739
0.411674778761062,0.410176991150442,0.000647658931348923,0.025449144019965,0.751042407693555
0.411234955752212,0.417256637168142,0.00100697065594845,0.0317328009471029,0.642209229124069
0.408893362831858,0.415044247787611,0.0012496961678963,0.035351041963375,0.582754552630893
0.413087610619469,0.412389380530973,0.000534140906510708,0.0231114886260212,0.703648945967585
0.409979646017699,0.410619469026549,0.000521884380268749,0.0228447889083867,0.731946996279574
0.410511946902655,0.413716814159292,0.00072538745006264,0.0269330178417243,0.673951979834777
0.409593805309734,0.410619469026549,0.000710220925757773,0.0266499704644822,0.739041002241469
0.411223451327434,0.41216814159292,0.000637839612460765,0.0252554867793271,0.69025421427995
0.409625663716814,0.410619469026549,0.00057983613733555,0.024079786903865,0.691730533272197
0.411929646017699,0.416371681415929,0.00158866076488424,0.0398580075378115,0.493832302512371
0.410767256637168,0.411061946902655,0.00112065202566495,0.0334761411405937,0.60885718206922
0.410477433628319,0.408849557522124,0.000386212032182547,0.0196522780405363,0.764986756046151
0.41045796460177,0.410619469026549,0.000546784111819549,0.0233834153155511,0.712594154092517
0.410893805309735,0.412389380530973,0.000733588863356269,0.0270848456402518,0.695118373954386
0.409400442477876,0.409955752212389,0.00107748459850719,0.0328250605255678,0.555725393317883
0.40705796460177,0.411283185840708,0.00211071487318629,0.0459425170532295,0.55339907031253
0.410343362831858,0.412610619469027,0.00134071510307394,0.0366157766963087,0.443365571821244
0.414554867256637,0.416371681415929,0.00080057635441064,0.028294458015849,0.650013114599849
0.411633185840708,0.411946902654867,0.000984201822427016,0.0313719910497727,0.530658587385498
0.409143362831858,0.408407079646018,0.000651387369827342,0.0255222916257013,0.650500427508355
0.412600884955752,0.411504424778761,0.00048498485093285,0.0220223716010072,0.869215350121977
0.407882743362832,0.405752212389381,0.000507436086529007,0.0225263420583327,0.854765518767511
0.414190265486726,0.413274336283186,0.000468534377434839,0.0216456549319913,0.952430341344771
0.40813407079646,0.409734513274336,0.000280751875495199,0.0167556520462559,1.06784286030552
0.410909292035398,0.410619469026549,0.000325670641861221,0.0180463470503374,0.953788780302986
0.410852654867257,0.41216814159292,0.000360184225066166,0.0189785200968402,1.01991941694182
0.410697345132743,0.411946902654867,0.000344491453627643,0.0185604809643404,0.888550510737718
0.411180973451327,0.410176991150442,0.000270781126298199,0.0164554284750717,0.966388710409475
0.410040265486726,0.411061946902655,0.000480391410088136,0.0219178331522105,0.857300743511733
0.408915486725664,0.411946902654867,0.000475472104377853,0.0218053228450728,0.851174360747093
0.410414159292035,0.411946902654867,0.000567083393206034,0.023813512827931,0.778257358760432
0.411853539823009,0.41283185840708,0.000341553958806484,0.0184811785015589,0.898702222471115
0.409261946902655,0.408849557522124,0.000364061566461128,0.0190803974398105,0.896808794099062
0.410391150442478,0.414159292035398,0.000621019199166274,0.0249202568037786,0.802279203783826
0.409007522123894,0.405752212389381,0.00107389705293829,0.0327703685200256,1.1539529689731
0.41391017699115,0.415044247787611,0.000800527999022595,0.0282936035001305,0.91342186852149
0.409057522123894,0.410619469026549,0.000633731291789871,0.0251740201753687,0.710026797004706
0.410446902654867,0.408407079646018,0.000361937609157438,0.0190246579248469,1.07079125634223
0.409869026548673,0.411061946902655,0.000365517366375695,0.0191185084767535,0.955668076478435
0.412493805309735,0.413274336283186,0.000471301888465331,0.0217094884431976,0.846473263776274
0.406400884955752,0.407079646017699,0.000269706397602866,0.0164227402586434,0.913102448638796
0.416439380530973,0.417699115044248,0.000397067831203433,0.0199265609477259,0.774070035663029
0.406619026548673,0.406194690265487,0.000370127610381154,0.0192387008496196,0.839660554115211
0.414217699115044,0.411946902654867,0.000372705812555448,0.0193055901892547,0.803415480282218
0.409298672566372,0.407964601769912,0.000426897407039744,0.0206614957599818,0.729794567949178
0.413565044247788,0.405309734513274,0.00209609589051029,0.0457831398061589,0.374721487542411
0.416450442477876,0.415044247787611,0.00119687592596904,0.0345958946403911,0.522696558686058
0.394842477876106,0.396238938053097,0.00254707908315552,0.0504685950186402,0.596588221084934
0.415369469026549,0.415265486725664,0.000556455267821663,0.0235893040978674,0.994654618309217
0.412019911504425,0.411504424778761,0.000168295356010721,0.012972869998991,1.12631324891754
0.413267256637168,0.414159292035398,0.000144705309899139,0.0120293520149316,1.11955465550467
0.409692477876106,0.408407079646018,0.000309354693992293,0.0175884818558138,0.897740982472135
0.408418584070796,0.405752212389381,0.000360504863074367,0.0189869656099748,0.850209505423752
0.410228761061947,0.412389380530973,0.00040247376184235,0.0200617487234376,0.82746132850126
0.412080088495575,0.411946902654867,0.000265362158893171,0.0162899404201848,0.958657691716627
0.411814159292035,0.413274336283186,0.000214221583161986,0.01463631043542,1.00400678519626
0.409466814159292,0.409734513274336,0.000134151885262975,0.0115823954889727,1.12418826682543
0.412285398230088,0.410619469026549,0.000183778377602287,0.0135564883949453,1.04534571991839
0.411330530973451,0.411504424778761,0.000310390379219379,0.0176178993986054,0.985379590224988
0.41168185840708,0.411504424778761,0.00114411933254423,0.0338248330748908,0.581027601450721
0.406973451327434,0.406637168141593,0.000401783724361843,0.020044543505948,0.966401852953922
0.411801769911504,0.411061946902655,0.00022695544161908,0.0150650403789396,1.21031754396103
0.41544203539823,0.408849557522124,0.00107189631463243,0.0327398276512329,0.771142900407024
0.403487168141593,0.405752212389381,0.000412924248353609,0.0203205376000146,0.930633874852723
0.412920796460177,0.416150442477876,0.000407019243967909,0.0201747179402317,0.917720896554041
0.410715044247788,0.411725663716814,0.000404155691442088,0.0201036238385543,0.930123758537487
0.421493362831858,0.41283185840708,0.0234465157410132,0.153122551379649,0.122581935587283
0.39039203539823,0.394690265486726,0.000628944043895097,0.0250787568251518,0.718263950825753
0.414049557522124,0.415044247787611,0.000324392545102076,0.0180109007298934,0.812731659931805
0.417825663716814,0.411504424778761,0.0043254575360073,0.065768210679684,0.270221075507745
0.408169026548673,0.407964601769912,0.000205615309882676,0.0143392925168111,0.835865952261964
0.408247787610619,0.407522123893805,0.00033339871314654,0.0182592089956422,0.710613754143236
0.417718584070796,0.416371681415929,0.000317855655012833,0.0178285068082785,0.697940097545953
0.407714601769911,0.410176991150442,0.000397296383038219,0.019932294976701,0.658584986281683
0.410697787610619,0.40929203539823,0.000310481534671174,0.0176204862211908,0.803526699450386
0.414480973451327,0.410619469026549,0.0196242762597745,0.140086674097769,0.207761410175112
0.401832300884956,0.403982300884956,0.000940631507653005,0.030669716458634,0.917200485182351
0.412249115044248,0.407743362831858,0.000635438969198661,0.0252079148125873,1.35188949900718
0.415517256637168,0.413053097345133,0.00117416896867891,0.0342661490202636,0.737757551701224
0.405248672566372,0.404867256637168,0.00027866713843611,0.0166933261645518,0.82638787604993
0.427610619469027,0.428761061946903,0.000665163558107407,0.0257907649771659,0.595067097049578
0.392271238938053,0.393805309734513,0.000782633779327138,0.0279755925643611,0.541316899464705
0.416147787610619,0.416814159292035,0.000423611794894589,0.0205818316700577,0.683494487517532
0.406370796460177,0.408407079646018,0.000422476591243918,0.0205542353602346,0.741468251763437
0.417622566371681,0.415929203539823,0.0014264630890974,0.0377685462931445,0.510944297058763
0.404169026548673,0.406637168141593,0.000631981718581296,0.0251392465794283,0.665177837198935
0.413559734513274,0.414159292035398,0.000273317207684621,0.0165323079963029,1.04556617105309
0.412269026548673,0.405752212389381,0.000812344966158107,0.0285016660242539,0.984699243351506
0.404380088495575,0.404867256637168,0.000363350820277557,0.0190617633045203,1.14673503398162
0.414078761061947,0.410619469026549,0.000570135268795305,0.0238775054977547,0.928819586447173
0.450156194690265,0.409734513274336,0.0123876316584029,0.11129973790806,0.206341178721968
0.367037610619469,0.383628318584071,0.00664422390418455,0.0815121089420741,0.342291355448483
0.411543805309735,0.411946902654867,0.000732336040128154,0.0270617080046355,0.820761334760366
0.415137610619469,0.419026548672566,0.000919739239396025,0.0303272029603131,0.708541451562589
0.415309734513274,0.411061946902655,0.000718988234063808,0.0268139559569976,0.611237921732338
0.40585,0.410176991150442,0.0012548048398857,0.0354232245833958,0.77250923281678
0.408715044247788,0.402433628318584,0.00108263083037615,0.0329033559135865,0.848312286987988
0.412297787610619,0.41283185840708,0.000302390288910572,0.0173893728728374,1.05654089190689
0.409536725663717,0.410619469026549,0.000213221913079185,0.0146021201569904,1.1196346226451
0.410449557522124,0.410619469026549,0.000163772619043979,0.0127973676607332,1.18630768701048
0.414135398230088,0.405309734513274,0.00123293806062308,0.0351132177480657,0.565710958878938
0.411563274336283,0.411946902654867,0.00018838701474597,0.0137254149207217,1.12234061656113
0.409805752212389,0.411061946902655,0.000333255386916402,0.0182552838081582,0.901979717816991
0.41067389380531,0.40929203539823,0.000382634155613833,0.0195610366702236,0.848360016283011
0.410277876106195,0.413274336283186,0.000484020714268972,0.0220004707738033,0.92451539518963
0.413984513274336,0.411504424778761,0.000809997281916579,0.0284604511896171,1.03735482727854
0.394996017699115,0.391371681415929,0.0106700669498302,0.103296016137266,0.439121106187821
0.435963274336283,0.419469026548673,0.0135320942900375,0.116327530232691,1.2337605232286
0.393846017699115,0.392920353982301,0.00517834804339934,0.071960739597362,0.501289120218627
0.412188938053097,0.410176991150442,0.000488763842352808,0.0221080040336709,1.06434454493265
0.408166371681416,0.40641592920354,0.00348401304115612,0.0590255287240709,0.396636875265454
0.413015486725664,0.411946902654867,0.000256242767750129,0.0160075846944544,1.32288614551621
0.419471681415929,0.414601769911504,0.000980729332198515,0.0313165983497333,0.921984157677426
0.40319203539823,0.402212389380531,0.000564094559748879,0.0237506749324915,1.20138029132467
0.4155,0.416814159292035,0.000284137042516712,0.016856365044597,1.22032452394918
0.405987610619469,0.408849557522124,0.00103756097235931,0.0322111932774822,0.681127516904584
0.425737168141593,0.41283185840708,0.00293926953110209,0.0542150304906499,0.392886086060925
0.392890707964602,0.398672566371681,0.00327868641430999,0.0572598150041545,0.864511253325215
0.412957079646018,0.414159292035398,0.000907348908741148,0.0301222327980704,0.900924455131846
0.411259734513274,0.408849557522124,0.000589331047509253,0.0242761415284483,0.823707953291604
0.405370796460177,0.408407079646018,0.0037782470692166,0.0614674472319829,0.426076845027445
0.425461061946903,0.410619469026549,0.0109033095739643,0.104418913870832,0.468474251873919
0.408967256637168,0.40353982300885,0.0174391478258743,0.132057365663087,0.231759521453904
0.410089380530973,0.405088495575221,0.0153712975243236,0.123981036954542,0.581378292851775
0.402583185840708,0.409734513274336,0.0104879669700243,0.102410775653855,0.673991518843156
0.414490707964602,0.398893805309735,0.00906482330066773,0.0952093656142489,0.640997708286113
0.401764159292035,0.373893805309735,0.0191233819046943,0.138287316499722,0.312743944460009
0.438409734513274,0.412389380530973,0.0119938707530461,0.109516531870974,0.354048764401502
0.40893982300885,0.415929203539823,0.0146264187250921,0.120939731788573,0.414651214973861
0.389886725663717,0.383628318584071,0.00649143176852159,0.080569422044108,0.536130153183742
0.409112389380531,0.406194690265487,0.00220175676577196,0.0469228810472243,0.907547185841478
0.40507389380531,0.396902654867257,0.0101767596774862,0.100879927029545,0.230593618305501
0.417765044247788,0.41858407079646,0.00988475294916657,0.0994220948741605,0.345490395383438
0.408370353982301,0.39646017699115,0.00217106449996868,0.0465946831727471,0.57586765256467
0.415391150442478,0.409734513274336,0.00281106295111777,0.053019458231085,0.503890498544141
0.411758407079646,0.404867256637168,0.00250221294283554,0.0500221245334057,0.536471921342478
0.401808407079646,0.401769911504425,0.00487749309161146,0.0698390513367089,0.516038178118013
0.440496460176991,0.405752212389381,0.0113259511206719,0.106423451929882,0.649718957738715
0.376147787610619,0.378761061946903,0.00176541393065083,0.0420168291360835,1.29676982488346
0.430425221238938,0.419911504424779,0.00187015621600926,0.0432453028201822,1.19673296234992
0.416590265486726,0.40929203539823,0.00712761590080957,0.0844252089177727,0.796993436724137
0.401641150442478,0.410619469026549,0.00711482731831212,0.0843494357913088,0.318057210637984
0.401029646017699,0.392920353982301,0.0120776187870461,0.109898220126834,0.149509769483076
0.417706637168142,0.413053097345133,0.00141134178093043,0.0375678290686384,0.607817621491952
0.406766814159292,0.407522123893805,0.000363268968514289,0.0190596161691228,0.989029426861044
0.409419026548673,0.41283185840708,0.000431305812626002,0.0207679034239377,0.682913815725081
0.415537610619469,0.414159292035398,0.000581359763514787,0.0241114031842775,0.666808048130429
0.410549557522124,0.411504424778761,0.000315696508631742,0.0177678504223708,0.782928360078208
0.410672566371681,0.413716814159292,0.00331495713741778,0.0575756644548527,0.446041484252933
0.411875663716814,0.408628318584071,0.000541149474127585,0.0232626196746537,0.713172294788667
0.407863716814159,0.404646017699115,0.00342296874680303,0.0585061428125546,0.424273381571117
0.418044247787611,0.400663716814159,0.00383045619039041,0.061890679349886,0.636230771966441
0.406397345132743,0.402654867256637,0.00159919302104203,0.0399899114908002,0.950038757677183
0.404626548672566,0.407522123893805,0.00220982045245183,0.0470087274072786,0.555712998815476
0.419579646017699,0.407522123893805,0.0109916881992808,0.104841252373676,0.367687564829405
0.412935840707965,0.400442477876106,0.00567650307034264,0.0753425714343667,0.593780584522384
0.410766814159292,0.407964601769912,0.0028226492039459,0.0531286100321277,0.534121960524496
0.406379646017699,0.405752212389381,0.000367503002258269,0.0191703678175008,1.00844267285474
0.412867699115044,0.412389380530973,0.00211934395806253,0.0460363330214575,0.632147017296968
0.407653097345133,0.407522123893805,0.000852996152233367,0.0292060978604361,0.635908708978829
0.409354424778761,0.407964601769912,0.000437467994856788,0.020915735580103,0.828933120905496
0.413419026548673,0.411946902654867,0.000387642727503132,0.0196886446334716,0.788680485925044
0.408782300884956,0.410176991150442,0.000372897938270325,0.0193105654570322,0.784923381190841
0.40928407079646,0.410176991150442,0.000316908590789866,0.0178019266033164,0.807731135333106
0.404709734513274,0.405752212389381,0.000458017588424041,0.021401345481629,0.737664754216102
0.41918982300885,0.407079646017699,0.00189967178373455,0.0435852243740302,0.363057539333234
0.406991150442478,0.406194690265487,0.000575994978454059,0.0239998953842315,0.942755077897689
0.412899115044248,0.411061946902655,0.000288402760972265,0.0169824250615825,1.40872368122813
0.411785840707965,0.411946902654867,0.000221682153607911,0.0148889943786648,1.2580455131765
0.407501769911504,0.407743362831858,0.000275203522890108,0.0165892592628516,1.11370423474063
0.415437168141593,0.415929203539823,0.000190777639570811,0.0138122279003356,1.22939503562094
0.404187610619469,0.403097345132743,0.000207915391309549,0.0144192715249263,1.20679440079772
0.415946902654867,0.415486725663717,0.000319755576706003,0.017881710676163,1.0435196046672
0.408727876106195,0.408849557522124,0.000246402988272947,0.0156972286812974,1.00437942138195
0.4109,0.411504424778761,0.000369328535207617,0.0192179222396079,0.971970539534785
0.412171681415929,0.412610619469027,0.000285545145740932,0.0168980811260016,0.987871370228298
0.408596902654867,0.40929203539823,0.000226701162553422,0.0150565986382523,1.09745325294961
0.407444690265487,0.410619469026549,0.000405316502774213,0.0201324738364219,0.863866689933708
0.413832300884956,0.414159292035398,0.000327095220955155,0.0180857739938095,0.869725695801196
0.41201814159292,0.410619469026549,0.000437020362636895,0.0209050319932043,0.837036171020642
0.410358407079646,0.409070796460177,0.000290702226229676,0.0170499919715428,0.950392931429494
0.409314159292035,0.409513274336283,0.000422266870990342,0.020549133095835,0.767596009096194
0.411866371681416,0.413716814159292,0.000491752006529201,0.0221754821036477,0.712598250138592
0.409200884955752,0.407079646017699,0.00049661525492914,0.0222848660514067,0.752490858361782
0.411933628318584,0.411504424778761,0.000304429478425093,0.0174479075658112,0.903174447830394
0.410143362831858,0.40929203539823,0.00039094780895705,0.0197724001819974,0.852794095874925
0.412027433628319,0.411946902654867,0.000241463343678866,0.0155390908253625,0.819271922887738
0.410302212389381,0.411061946902655,0.000507790841785477,0.0225342149138921,0.667667895022276
0.410395575221239,0.411061946902655,0.000237558014589105,0.01541291713431,0.931148771838725
0.408038053097345,0.409734513274336,0.00039857745677387,0.0199644047437901,0.755076077916891
0.411429646017699,0.411504424778761,0.000519344710635924,0.0227891358027443,0.654533146674897
0.40941814159292,0.408407079646018,0.000227593435513985,0.0150862001681664,0.902897303450496
0.411694690265487,0.410619469026549,0.00033744706802503,0.0183697323884979,0.735460215618779
0.412659734513274,0.415044247787611,0.000641055277025008,0.0253190694344205,0.703101200222996
0.410584955752212,0.41216814159292,0.000334945313392333,0.0183015112324729,0.774356712624864
0.410314159292035,0.410619469026549,0.000661835753052763,0.0257261686430911,0.701063179271077
0.408435840707965,0.407964601769912,0.000233684772367324,0.0152867515308951,0.993765831205668
0.409458407079646,0.410619469026549,0.000487664150954933,0.0220831191400792,0.781788035132065
0.413326548672566,0.415486725663717,0.000464081058895845,0.0215425406787557,0.809256069962726
0.409906637168142,0.409734513274336,0.000217189873521419,0.0147373631807532,1.00890112025656
0.41239203539823,0.413274336283186,0.000538138570083906,0.0231978139074333,0.717844726156509
0.409752654867257,0.408849557522124,0.000364281055862033,0.0190861482720331,0.796340970438912
0.408650442477876,0.409734513274336,0.00046159000648389,0.0214846458310089,0.751125957681904
0.412848230088496,0.411946902654867,0.000601448349242029,0.024524443913003,0.688997297567967
0.410157079646018,0.411504424778761,0.00059383978210335,0.0243688280822724,0.690605311341259
0.411711061946903,0.41283185840708,0.000882407372326512,0.0297053424879518,0.596270154637198
0.411915044247788,0.411061946902655,0.000263363609517576,0.0162284814298066,0.850595496612516
0.406523451327434,0.409070796460177,0.000537667229254472,0.023187652517115,0.765622445639983
0.411612831858407,0.413716814159292,0.000429889709389866,0.0207337818400278,0.79531420193522
0.412447345132743,0.40929203539823,0.00187163705309978,0.0432624207956487,0.461686862262325
0.40926592920354,0.409734513274336,0.000979808910445413,0.0313018994702464,0.534317968083716
0.411113274336283,0.410619469026549,0.000473244907527937,0.0217541928723623,0.74004091328501
0.408749115044248,0.409955752212389,0.000514807914461568,0.0226893788910487,0.76539867560108
0.41118982300885,0.413274336283186,0.000374467873582722,0.0193511724084801,0.821640106422415
0.410538053097345,0.411061946902655,0.000644691238344618,0.0253907707315989,0.711170984867642
0.411709734513274,0.410619469026549,0.000755688083729434,0.0274897814420092,0.659778267386459
0.408330088495575,0.410619469026549,0.000541235048973321,0.0232644589228574,0.756423094167836
0.415079646017699,0.416371681415929,0.000320000006271445,0.0178885439952905,0.846385759179135
0.408941150442478,0.409734513274336,0.000664297344372331,0.0257739664074494,0.721223471362224
0.409584955752212,0.41283185840708,0.000507444902024744,0.0225265377283049,0.719732816108252
0.411415486725664,0.408849557522124,0.00104995915309938,0.0324030732045492,0.665351194107982
0.41121017699115,0.411061946902655,0.000178617566387752,0.0133647883031402,0.932481023178121
0.409904424778761,0.410619469026549,0.000619531455647048,0.0248903888207285,0.713319614168283
0.411527876106195,0.41283185840708,0.000423799590764702,0.0205863933403766,0.743493248485608
0.409961504424779,0.410176991150442,0.000601976757672388,0.0245352146449219,0.688148934443876
0.410048672566372,0.411946902654867,0.000902722736049543,0.0300453446651814,0.685283029283084
0.409498672566372,0.410176991150442,0.000461342952906701,0.0214788955234365,0.806080066628368
0.412378761061947,0.413716814159292,0.000439681874685399,0.0209685925776004,0.774759489737861
0.407632743362832,0.411283185840708,0.00135384532860843,0.0367946372262104,0.596199088484966
0.412728318584071,0.410176991150442,0.000419833108227658,0.0204898293850305,0.747871645600281
0.410179203539823,0.41216814159292,0.000655583333156949,0.0256043616041671,0.698304214653636
0.409985398230089,0.40929203539823,0.00211570045866212,0.0459967440006586,0.446099973106725
0.412558407079646,0.410619469026549,0.000764814088895066,0.0276552723525744,0.666235776077521
0.410135840707965,0.412389380530973,0.000410793037339948,0.0202680299323824,0.736641631224803
0.40877610619469,0.408849557522124,0.000561283431602955,0.0236914210549506,0.761857313809952
0.411127876106195,0.410619469026549,0.000756026368407722,0.0274959336704125,0.699326392070352
0.411331415929204,0.41283185840708,0.000627289149710443,0.0250457411491543,0.686482064813938
0.409146017699115,0.408849557522124,0.000295724320922065,0.0171966369073161,0.884054522480073
0.411482300884956,0.407743362831858,0.000884784757347213,0.0297453316899848,0.651813222557092
0.412417256637168,0.413274336283186,0.000254872115243131,0.015964714693446,0.884623854448987
0.408760619469027,0.411946902654867,0.000941844930332478,0.0306894921810785,0.682156641079714
0.411386725663717,0.410619469026549,0.000362757472015049,0.0190461931108305,0.821038351686461
0.410886283185841,0.411504424778761,0.000227117122408649,0.0150704055157334,0.973780468401114
0.408122123893805,0.410176991150442,0.000525872662544289,0.0229319136258684,0.766113442559496
0.413544690265487,0.413274336283186,0.00261031955265627,0.0510912864650741,0.509587140740087
0.410873451327434,0.408849557522124,0.00134876252319357,0.0367255023545433,0.545993698843869
0.40985,0.411061946902655,0.00100760069314361,0.0317427266179767,0.641021982658763
0.410461946902655,0.411504424778761,0.000407312172380698,0.0201819764240447,0.746384902732226
0.411291150442478,0.409734513274336,0.000368602543337448,0.0191990245413002,0.817929760549767
0.409821681415929,0.414159292035398,0.002923824872527,0.0540724039832427,0.438878274946511
0.409424778761062,0.409734513274336,0.000293921064928975,0.0171441262515468,0.870614599378669
0.410524336283186,0.411946902654867,0.000589989075730911,0.0242896907294208,0.742322627959883
0.411101327433628,0.41283185840708,0.000577439974040922,0.0240299807332616,0.73766935655362
0.411213274336283,0.411504424778761,0.000387529638652671,0.0196857724931655,0.858403765922765
0.408672123893805,0.408407079646018,0.000625635463758849,0.0250127060463047,0.709680625606236
0.411110619469027,0.410176991150442,0.000649432794843555,0.0254839713318697,0.668557965109395
0.414449115044248,0.413716814159292,0.00387212570370511,0.0622264068037446,0.355176826442933
0.408422566371681,0.407522123893805,0.000713953787564681,0.0267199136893195,0.587979866936097
0.409630530973451,0.410619469026549,0.000442037263005036,0.0210246822331525,0.829043186663034
0.411860619469027,0.411504424778761,0.000325792347089042,0.018049718753738,0.816371794711956
0.406389380530973,0.407964601769912,0.00292133083823897,0.054049337074926,0.489927898238184
0.413606637168142,0.413274336283186,0.000897077867083153,0.0299512581886497,0.674188628717206
0.411363274336283,0.415044247787611,0.000835132108966983,0.0288986523728527,0.668122502577948
0.410074778761062,0.412389380530973,0.000481200058034383,0.0219362726559091,0.771018445026728
0.410452212389381,0.411061946902655,0.0013072115729168,0.0361553809676623,0.534614445978529
0.409891150442478,0.412389380530973,0.000350064741693687,0.0187100171484071,0.813469958437386
0.41241592920354,0.41283185840708,0.000504185052779304,0.0224540653953645,0.701367760566605
0.410643362831858,0.410619469026549,0.000436769113855025,0.0208990218396705,0.75936826571407
0.410620353982301,0.410619469026549,0.000415999442938906,0.020396064398283,0.784611549318667
0.410039380530973,0.410619469026549,0.000486108765002766,0.0220478743874045,0.752016307165349
0.408594690265487,0.40929203539823,0.00278849297727518,0.0528061831348866,0.490166966929886
0.411285398230088,0.411946902654867,0.000445392917194742,0.0211043340855556,0.827294176801635
0.41033185840708,0.411946902654867,0.000584226151909604,0.0241707706105867,0.783069871551684
0.411221238938053,0.40929203539823,0.000444700397789911,0.021087920660651,0.742040368026646
0.40968982300885,0.408407079646018,0.000608500817953203,0.024667809346458,0.667977908853125
0.411894690265487,0.411061946902655,0.000525258220080837,0.0229185126062063,0.745636178621253
0.40918982300885,0.411504424778761,0.000513639498806505,0.0226636161899752,0.716099460913849
0.411393362831858,0.410619469026549,0.00066673651468839,0.0258212415404138,0.66839799568209
0.412097345132743,0.416814159292035,0.00134966480302842,0.0367377844055465,0.57424174065061
0.408463716814159,0.40929203539823,0.000267951328256755,0.0163692189262883,0.81981741571854
0.412201769911504,0.411504424778761,0.000584737416561365,0.0241813443911079,0.71765968107646
0.41255796460177,0.410619469026549,0.000309277058207867,0.0175862747109178,0.849935197958136
0.409309661577361,0.413495575221239,0.000934458767752686,0.0305689183281431,0.647365512045956
